<?xml version="1.0" encoding="UTF-8" standalone="yes"?>
<addon id="plugin.video.playlistLoader" name="[COLOR red][B]Playlist[/B][/COLOR] [COLOR white][B]Loader[/B][/COLOR]" version="2.0.0" provider-name="Zara">
  <requires>
    <import addon="xbmc.python" version="2.1.0"/>
  </requires>
  <extension point="xbmc.python.pluginsource" library="default.py">
        <provides>video</provides>
  </extension>
  <extension point="xbmc.addon.metadata">
    <summary lang="en">[COLOR red][B]Playlist[/B][/COLOR] [COLOR white][B]Loader[/B][/COLOR] - downloaded for free from:
http://www.hometheater.co.il</summary>
    <description lang="en">[COLOR red][B]Playlist[/B][/COLOR] [COLOR white][B]Loader[/B][/COLOR] - downloaded for free from:
http://www.hometheater.co.il</description>
    <platform>all</platform>
  </extension>
</addon>